Catégorie;Party;Explanation
Ecologie;LFI;"Vous semblez accorder une grande importance aux enjeux environnementaux et à la justice sociale, des valeurs qui résonnent profondément avec celles de La France Insoumise (LFI) dans le domaine de l'écologie. LFI prône une approche radicale et systémique face aux crises climatiques et environnementales, mettant en avant la nécessité d'un changement fondamental dans notre société.

Le programme écologique de LFI insiste sur des mesures telles que la transition vers une économie verte, le développement des énergies renouvelables et la lutte contre l'artificialisation des sols. Ils défense aussi une agriculture durable qui respecte la biodiversité et assure une alimentation de qualité pour tous.

De plus, LFI propose des solutions fortes contre les inégalités environnementales, soulignant que les plus vulnérables sont souvent les plus touchés par les conséquences du dérèglement climatique. En promouvant la notion de ""justice climatique"", LFI soutient que la transition écologique doit également être sociale, visant à protéger les droits et le bien-être de chaque citoyen.

En vous identifiant à LFI, vous montrez que vous souhaitez un avenir où l'écologie et l'économie sont en harmonie, et où les politiques environnementales ne compromettent pas le bien-être social. Votre engagement pour une planète plus juste et durable est donc en adéquation avec les propositions audacieuses et innovantes de ce parti."
Ecologie;PS;"Dans la catégorie écologie, le Parti Socialiste (PS) se positionne comme un acteur engagé pour la transition écologique et la justice sociale. Vous êtes probablement attiré par les valeurs que ce parti défend en matière de protection de l’environnement, qui intègrent une approche réfléchie et inclusive des enjeux écologiques.

Le PS promeut une économie verte qui place la durabilité au cœur des politiques publiques. Cela inclut le développement des énergies renouvelables, la réduction des émissions de gaz à effet de serre et la préservation de la biodiversité. Votre intérêt pour un avenir plus respectueux de l’environnement pourrait trouver un écho dans leur programme qui vise à fonder les choix économiques sur des critères écologiques.

De plus, le Parti Socialiste met l'accent sur une transition juste, veillant à ce que les politiques écologiques ne désavantagent pas les populations vulnérables. Cela semble résonner avec vos préoccupations pour l'équité et la solidarité, car le PS plaide pour des mesures qui garantissent que tout le monde puisse bénéficier des transformations engagées.

En soutenant le PS, vous optez pour une vision où la protection de l’environnement est indissociable de la lutte contre les inégalités, avec des propositions concrètes telles que des investissements dans les transports publics, l’amélioration de la qualité de l’air, et des politiques de recyclage et de gestion des déchets plus efficaces. Ces initiatives témoignent d'un engagement à la fois pragmatique et éthique, qui pourrait correspondre à votre propre vision d’un avenir durable et inclusif."
Ecologie;EELV;"Vous avez probablement voté pour EELV dans la catégorie écologie parce que ce parti se positionne comme un fervent défenseur de l'environnement et du développement durable. EELV met l'accent sur la nécessité urgente d'agir face au changement climatique, en prônant des politiques intégrées qui favorisent les énergies renouvelables, la transition énergétique et la protection des ressources naturelles.

Vous pouvez vous identifier à leurs propositions de réduire la dépendance aux énergies fossiles, de promouvoir les transports en commun et les mobilités douces, ainsi que de soutenir la biodiversité. EELV cherche également à renforcer la législation pour protéger les espaces naturels et encourager des pratiques agricoles durables. 

Leur vision d'une société plus respectueuse de l'environnement, où les droits des générations futures sont pris en compte, résonne probablement avec vos valeurs sur la nécessité de préserver notre planète. Leur approche holistique de l’écologie, qui inclut des dimensions sociales et économiques, pourrait également correspondre à vos convictions sur le besoin d’un développement harmonieux et équilibré."
Ecologie;LREM;"Vous vous sentez probablement en adéquation avec LREM pour la catégorie écologie, car ce parti met un accent fort sur l'innovation et la transition écologique. LREM présente une vision qui allie développement économique et respect de l'environnement, en prônant des solutions technologiques pour répondre aux enjeux environnementaux.

Les mesures clés que LREM défend incluent la promotion des énergies renouvelables, le soutien à la transition vers une économie décarbonée et des investissements massifs dans les infrastructures vertes. Ce parti cherche également à réduire l'empreinte carbone de la France tout en soutenant la création d'emplois dans ces secteurs d'avenir.

En vous alignant avec LREM, vous adhérez à l'idée que la protection de l'environnement peut passer par l'innovation et la modernité, favorisant ainsi un développement durable qui bénéficie à la fois à la planète et à l'économie. Cette approche pragmatique pourrait résonner avec vos valeurs en matière d'écologie, où il est essentiel de trouver un équilibre entre progrès et respect de l'environnement."
Ecologie;LR;"Dans le domaine de l'écologie, Les Républicains (LR) mettent en avant une approche pragmatique et axée sur la responsabilité dans la gestion des questions environnementales. Votre choix pour LR peut refléter votre préoccupation pour l'environnement tout en reconnaissant la nécessité d'équilibrer développement économique et protection de la nature.

LR insiste sur l'importance de la transition énergétique et soutient des politiques visant à promouvoir des sources d'énergie renouvelable tout en préservant la compétitivité de l'industrie française. Le parti favorise également des initiatives qui encouragent l'innovation technologique en matière environnementale, croyant fermement que la croissance économique peut coexister avec des efforts significatifs pour lutter contre le changement climatique.

De plus, la position de LR sur l'écologie inclut une dimension de réalisme économique. Le parti prône des solutions qui évitent des mesures jugées trop radicales, préférant des approches qui incluent le dialogue avec les entreprises et des incitations plutôt que des contraintes strictes. Cela peut correspondre à votre vision d'une écologie constructive, où les entreprises jouent un rôle clé dans la protection de l'environnement sans sacrifier l'économie.

En somme, voter pour LR en matière d'écologie peut signifier que vous êtes en faveur d'une action qui allie protection de l'environnement et développement économique, cherchant des solutions pratiques et efficaces face aux défis écologiques contemporains."
Ecologie;RN;"Dans la catégorie écologie, le Rassemblement National (RN) propose une approche qui met l'accent sur la protection de la biodiversité tout en étant résolument attaché à la défense des intérêts nationaux. Le RN souligne la nécessité de préserver les ressources naturelles et d'encourager une agriculture durable, tout en veillant à ce que ces mesures soient compatibles avec la protection des emplois et des industries françaises.

Vous pourriez vous identifier à ces idées si vous considérez que l'écologie doit s'inscrire au sein d'une politique nationale souveraine. Le RN avance également l'idée de promouvoir un développement local plutôt que d'adhérer à des politiques écologiques imposées de l'extérieur, souvent perçues comme déconnectées des réalités françaises. Ils insistent sur la nécessité d'une transition écologique qui prenne en compte les préoccupations sociales et économiques de la population.

Ainsi, si vous ressentez un besoin de mettre en avant des solutions écologiques qui préservent l'identité et la culture françaises tout en respectant l'environnement, il est probable que vous vous sentiez en phase avec les propositions du RN dans cette catégorie."
Économie;LFI;"Vous accordez une attention particulière aux inégalités économiques et sociales qui pèsent sur de nombreuses personnes en France. La France Insoumise (LFI) défend une vision économique basée sur la justice sociale et la redistribution des richesses. Leur programme inclut des mesures telles que l'augmentation du salaire minimum, la progressivité de l'impôt sur le revenu, et la mise en place d'un revenu de base pour garantir une sécurité financière à tous.

LFI remet également en question la domination des grandes entreprises et des multinationales, plaidant pour une régulation plus stricte des secteurs essentiels et un soutien accru aux petites et moyennes entreprises. En mettant l'accent sur les services publics, LFI promeut l'idée que l'accès à l'éducation, à la santé et à d'autres services vitaux doit être garanti pour tous, indépendamment de leur situation économique.

Ces valeurs peuvent résonner avec vous si vous partagez une vision d'une économie plus solidaire, axée sur le bien-être collectif plutôt que sur le profit individuel. Vous êtes probablement sensible à l'idée que la prospérité doit être partagée, et que des mesures concrètes doivent être mises en place pour réduire les inégalités et protéger les plus vulnérables."
Économie;PS;"Vous vous identifiez probablement aux valeurs du Parti Socialiste (PS) en matière d’économie, car ce parti met l’accent sur la justice sociale et la réduction des inégalités. Le PS défend une économie qui place l’humain et le bien-être des citoyens au centre des préoccupations.

Le Parti Socialiste prône des mesures telles que l'augmentation du salaire minimum, l'amélioration du pouvoir d'achat des ménages, ainsi que des politiques fiscales progressistes visant à alléger le fardeau des plus modestes tout en faisant contribuer davantage les plus riches. Ces propositions sont conçues pour favoriser la redistribution des richesses et garantir un accès équitable aux services essentiels.

De plus, le PS soutient un développement économique durable qui intègre des préoccupations sociales et environnementales, cherchant à allier croissance économique et protection des ressources. À travers ces valeurs et initiatives, vous pourriez être en harmonie avec l’approche du PS qui privilégie non seulement la croissance économique, mais aussi le bien-être collectif de la société."
Économie;EELV;"Vous tenez à l'idée que l'économie doit être au service de la planète et de l'humain, ce qui correspond aux valeurs fondamentales d'Europe Écologie Les Verts (EELV). Ce parti prône une transition économique vers une société plus juste et durable, mettant fortement l'accent sur l'économie verte. Cela inclut des mesures telles que le soutien aux énergies renouvelables, la lutte contre le changement climatique et la promotion de l'économie circulaire.

EELV propose des politiques favorisant l'innovation écologique et encourage l'investissement dans des secteurs respectueux de l'environnement, comme les transports en commun et les infrastructures durables. Vous pourriez vous identifier à leur vision d'une société où l'économie ne se limite pas à la recherche de croissance à tout prix, mais se concentre sur la création de richesses de manière responsable et durable.

En votant pour EELV dans la catégorie économie, vous exprimez probablement votre désir d'un modèle économique qui intègre à la fois les préoccupations environnementales et sociales, contribuant ainsi à bâtir un avenir où prospérité rime avec durabilité."
Économie;LREM;"Dans la catégorie de l'économie, vous avez probablement voté pour LREM en raison de leur approche centrée sur la modernisation et l'innovation dans le domaine économique. LREM met l'accent sur la nécessité de réformes structurelles pour dynamiser l'économie française tout en souhaitant favoriser les investissements et l'entrepreneuriat. 

Le parti insiste sur l'importance de créer un environnement propice aux entreprises, notamment à travers des mesures fiscales qui ciblent la réduction de la fiscalité des sociétés afin de stimuler la croissance. LREM défend également l'idée d'une économie tournée vers l'avenir, avec des investissements significatifs dans les nouvelles technologies et les infrastructures, tout en promouvant la transition écologique comme un levier de croissance.

Vous pourriez vous identifier à ces idées si vous croyez en la nécessité d'une économie agile et adaptable, capable de répondre aux enjeux contemporains comme le digital et l'écologie, tout en préservant une certaine justice sociale en garantissant des opportunités pour tous. Les valeurs de LREM en matière de la transformation économique et de l'égalité des chances résonnent probablement avec vos attentes et aspirations en matière d'économie."
Économie;LR;"Vous privilégiez des politiques économiques axées sur la rigueur budgétaire et la réduction des dépenses publiques. Cela rejoint les valeurs de LR (Les Républicains), qui mettent un accent particulier sur la nécessité d'une gestion responsable des finances publiques afin de garantir la croissance économique et la compétitivité de la France. 

Le parti défend des mesures telles que la réduction des impôts pour les entreprises, ce qui est censé favoriser l’investissement et la création d’emplois. Vous pourriez également apprécier l’idée de soutenir les PME (petites et moyennes entreprises) tout en encourageant des réformes visant à simplifier la fiscalité et à diminuer le poids de l’administration sur les entrepreneurs.

De plus, LR valorise le travail et le mérite, prônant une justice sociale basée sur l'effort et l'initiative individuelle. Ainsi, si vous vous identifiez à des valeurs telles que le dynamisme économique, le soutien à l'entrepreneuriat et une approche plus conservatrice des finances publiques, il est probable que votre choix pour LR soit une logique d'adhésion à cette vision économique structurante."
Économie;RN;"Vous êtes sensible aux enjeux économiques et à la préservation de l'emploi national, ce qui peut vous amener à vous identifier aux positions du Rassemblement National (RN). Ce parti met en avant des mesures visant à protéger l'économie française, en prônant une politique économique axée sur le soutien aux entreprises françaises et à l'industrie nationale. 

Le RN propose des mesures comme le rétablissement de la préférence nationale, qui favoriserait les entreprises et les travailleurs français, ainsi qu'un contrôle strict des frontières pour protéger le marché intérieur. Vous pourriez également être attiré par leur volonté de réduire les impôts pour les classes moyennes et populaires, tout en combattant ce qu'ils considèrent comme des dérives économiques dues à la mondialisation. 

En somme, si vos préoccupations économiques incluent la protection de l'emploi local et l'encouragement d'une économie à caractère national, cela pourrait expliquer votre alignement avec les valeurs défendues par le RN dans la catégorie économie."
Société;LFI;"Dans la catégorie Société, le parti LFI (La France Insoumise) met l'accent sur une vision inclusive et égalitaire. Si vous vous êtes identifié à LFI dans cette catégorie, cela reflète probablement votre engagement en faveur de la justice sociale et de la lutte contre les inégalités.

LFI propose plusieurs mesures qui favorisent l'émancipation des individus et la protection des droits de chacun. Par exemple, le parti milite pour la lutte contre toutes les formes de discrimination, qu'elles soient basées sur le genre, l'origine ethnique, ou l'orientation sexuelle. Pour vous, ces valeurs peuvent résonner fortement, car elles visent à construire une société où chacun peut vivre dignement et sans crainte d'être discriminé.

De plus, LFI soutient des initiatives comme la mise en place d'un revenu universel et l'amélioration des droits des travailleurs, ce qui témoigne d'une volonté de garantir à tous un niveau de vie décent. Si vous partagez ces préoccupations, il est probable que vous soyez sensible à l'idée d'une solidarité renforcée et d'un système réduisant les écarts socio-économiques.

En somme, votre alignement avec LFI dans la catégorie Société révèle un souhait de promouvoir une société plus juste, inclusive et respectueuse des droits de tous."
Société;PS;"Dans la catégorie société, le Parti Socialiste (PS) se positionne en faveur d'une politique de justice sociale et de solidarité. Vous êtes probablement aligné avec leurs idées car ils défendent un modèle de société inclusif, visant à réduire les inégalités et à promouvoir l'égalité des droits pour tous. Le PS insiste sur l'importance de l'éducation, de la santé et des services publics accessibles à tous, éléments essentiels pour bâtir une cohésion sociale.

La lutte contre la précarité et le soutien aux plus vulnérables sont également au cœur de leurs préoccupations. Leur approche est axée sur le bien-être collectif, ce qui vous parle profondément si vous croyez en la nécessité d'une protection sociale robuste et d'une redistribution équitable des richesses. En outre, le PS milite pour une société respectueuse de la diversité, en mettant en avant des politiques qui favorisent l'égalité entre les sexes et la lutte contre toute forme de discrimination.

En soutenant le PS, vous adhérez à une vision qui prône une France plus juste, où chacun a les mêmes chances de réussite, ce qui est essentiel pour répondre aux défis sociétaux actuels."
Société;EELV;"Dans la catégorie de la société, vous avez choisi EELV (Europe Écologie Les Verts) comme le parti aligné avec vos valeurs. Ce choix reflète probablement une forte préoccupation pour les enjeux liés à l'environnement, la justice sociale et l'égalité.

EELV prône une vision de la société qui place l'écologie au cœur de ses préoccupations. Cela signifie promouvoir une manière de vivre durable, respectueuse de notre planète et de ses ressources. Vous pourriez vous identifier à leur engagement pour des politiques qui luttent contre le changement climatique, encouragent la transition écologique et soutiennent les énergies renouvelables. EELV défend également l'idée d'une société plus inclusive, où chacun a un accès équitable aux ressources et aux opportunités.

De plus, le parti met en avant des principes de solidarité et de bien-être social, mettant en avant la nécessité de protéger les plus vulnérables tout en garantissant une transition écologique juste et équitable. Si des valeurs telles que la protection de l'environnement, la justice sociale et l'engagement communautaire résonnent avec vos préoccupations personnelles, cela pourrait expliquer votre alignement avec EELV dans cette catégorie.

En somme, votre soutien à EELV dans le domaine de la société indique une volonté de voir émerger des solutions qui favorisent non seulement la durabilité écologique, mais aussi une société plus juste et équitable pour tous."
Société;LREM;"Dans la catégorie ""société"", LREM (La République En Marche) se positionne comme un parti qui valorise le progrès, l'inclusion et une dynamique collective. Vous pourriez être en phase avec LREM car il prône des valeurs de modernité et d'ouverture, cherchant à construire une société où chaque citoyen a sa place, quelle que soit son origine ou son parcours.

LREM met particulièrement l'accent sur l'importance de l'égalité des chances. Le parti soutient des politiques qui favorisent l'accès à l'éducation et à l'emploi, ce qui peut correspondre à vos préoccupations en matière de justice sociale. En adoptant une approche pragmatique, LREM vise à adapter les institutions et les services afin qu'ils répondent mieux aux besoins des citoyens contemporains.

En matière de diversité et de droits des minorités, LREM prône également un engagement fort en faveur de l'égalité des droits. Vous pourriez vous identifier à cette vision progressiste, qui encourage le respect de toutes les différences et la lutte contre toute forme de discrimination.

Si ces valeurs de progrès, d'inclusion et d'égalité des chances vous parlent, il est probable que vous ayez trouvé en LREM un parti qui reflète vos aspirations pour une société plus équitable et modernisée."
Société;LR;"Dans la catégorie société, si le parti dominant est Les Républicains (LR), cela peut refléter votre préoccupation pour des valeurs traditionnelles et une approche conservatrice en matière de vivre ensemble. Les Républicains mettent un accent fort sur la nécessité de préserver les structures familiales et de promouvoir un cadre normatif clair au sein de la société.

Vous pourriez vous identifier aux idées de LR en raison de leur engagement en faveur de la laïcité et de l'ordre public, ainsi que leur volonté de protéger les valeurs républicaines. Le parti prône également une politique de sécurité renforcée pour assurer la tranquillité des citoyens et lutter efficacement contre les dérives sociétales.

Enfin, LR se positionne souvent en faveur d'une politique qui privilégie la responsabilité individuelle et le respect des lois, éléments qui peuvent résonner avec vos propres valeurs sur l'importance de l'ordre et de la stabilité dans la société."
Société;RN;"Vous avez probablement trouvé un alignement avec le Rassemblement National (RN) dans la catégorie de la société en raison de leurs positionnements forts sur les questions d'identité nationale et de lutte contre les inégalités. Le RN met en avant des valeurs axées sur la protection de la culture française et le renforcement du sentiment d'appartenance.

En matière de société, le RN aborde des thèmes tels que la préservation des traditions, la sécurité et la lutte contre ce qu'ils considèrent comme des dérives sociétales. Vous pourriez apprécier leur discours sur la nécessité de restaurer l'autorité de l'État et leurs promesses de renforcer la cohésion sociale en défendant une certaine vision de la famille et des valeurs républicaines.

Le parti promeut également des initiatives pour garantir la sécurité des Français, qu'il s'agisse de la sécurité quotidienne ou de la lutte contre les comportements déviants. Leur approche peut résonner avec ceux qui souhaitent que les politiques publiques reflètent les préoccupations des citoyens concernant l'évolution de la société et les changements rapides qu'ils constatent autour d'eux.

En somme, votre préférence pour le RN dans cette catégorie pourrait découler d'un besoin d'affirmation des valeurs traditionnelles et d'une attention portée à l'identité nationale, éléments qui sont souvent au cœur de leur discours."
Immigration;LFI;"Vous vous identifiez fortement aux valeurs d'humanité et d'égalité des droits, indépendamment de l'origine de chacun. LFI (La France Insoumise) incarne cette vision en prônant une politique d'accueil pour les immigrés, basée sur le respect de la dignité humaine et la valorisation de la diversité culturelle. Ce parti défend des mesures telles que la régularisation des sans-papiers et l'accès à des droits fondamentaux pour tous, soulignant l'importance de l'intégration sociale.

Pour vous, chaque personne, peu importe son parcours, mérite d'être traitée avec respect et équité. Les propositions de LFI visant à garantir un traitement juste et à favoriser l'entraide et la solidarité entre les citoyens résonnent avec votre désir de construire une société plus inclusive. Ce positionnement positif sur l'immigration reflète également votre conviction que la diversité enrichit la société française, contribuant à un avenir commun dynamique et solidaire."
Immigration;PS;"Vous vous sentez probablement aligné avec le Parti Socialiste (PS) en matière d'immigration en raison de son approche humaniste et inclusive. Le PS met l'accent sur la nécessité d'accueillir et d'intégrer les immigrés, soulignant que chaque individu a droit à une vie digne et à une protection, notamment dans les cas de refuge et d'asile.

Les mesures proposées par le PS visent à favoriser l'accès à des droits fondamentaux pour tous, indépendamment de l'origine. Le parti prône également pour un traitement juste et équitable des immigrés, en soulignant l'importance de leur contribution à la société française. En soutenant des politiques de régularisation pour les immigrés en situation irrégulière, le PS cherche à renforcer le principe d'égalité et à lutter contre les discriminations.

Pour un utilisateur qui valorise la solidarité, l’égalité, et le respect des droits humains, le PS offre un cadre politique qui répond à ces préoccupations, en proposant une vision de l'immigration fondée sur l'humanité et l'intégration sociale."
Immigration;EELV;"Vous êtes probablement en phase avec les valeurs d'EELV en matière d'immigration, car ce parti adopte une approche humaniste et solidaire. EELV met l'accent sur l'importance de l'accueil des migrants et défend des politiques qui reconnaissent la richesse que chaque individu peut apporter à la société. Dans cette catégorie, le parti prône une immigration respectueuse des droits de l'homme et de l'environnement, intégrant une vision écologiste qui considère les défis migratoires comme intrinsèquement liés aux enjeux environnementaux.

Vous valorisez sans doute une société inclusive où chaque personne, qu'elle soit locale ou d'origine étrangère, peut contribuer à la communauté. L'approche d'EELV visant à renforcer les synergies entre action sociale et considération écologique résonne avec votre aspiration à une société juste et équitable, où l'immigration est perçue comme une opportunité de diversité culturelle et d'enrichissement mutuel. Ces idées pourraient bien s'aligner avec votre vision d'une politique d'immigration qui favorise l'intégration, l'humanité et la protection des droits des migrants."
Immigration;LREM;"Vous avez probablement voté pour LREM dans le domaine de l'immigration en raison de leur approche équilibrée et pragmatique sur cette question complexe. LREM prône une politique d'immigration qui se concentre sur l'intégration des immigrés dans la société française, tout en insistant sur l'importance du respect des valeurs républicaines.

Le parti soutient la nécessité de réguler l'immigration de manière à répondre aux besoins économiques de la France tout en honorant ses engagements humanitaires. LREM encourage les politiques qui favorisent l'accueil des talents et des compétences, tout en mettant en avant des mesures pour faciliter l'intégration des nouveaux arrivants, comme l'accès à l'éducation et à l'emploi.

En optant pour LREM, vous montrez que vous valorisez une politique d'immigration responsable qui allie ouverture et sécurité, et qui cherche à créer une société inclusive tout en respectant l'ordre public. Cette vision pourrait raisonnablement correspondre à vos préoccupations concernant la nécessité d’une immigration maîtrisée et constructive."
Immigration;LR;"Vous manifestez une préoccupation pour l'ordre et la sécurité, des aspects fondamentaux qui résonnent avec les valeurs de LR (Les Républicains) en matière d'immigration. Ce parti défend une approche stricte et responsable face à l'immigration, en mettant l'accent sur le renforcement des contrôles aux frontières et l'application rigoureuse de la loi. LR propose des mesures telles que l'instauration d'un quotas d'immigration basé sur les besoins économiques et la capacité d'intégration des migrants.

Cette position peut vous parler si vous estimez qu'une gestion maîtrisée de l'immigration est essentielle pour préserver les intérêts nationaux et garantir la sécurité de la population. LR appelle également à une intégration réussie des immigrés qui s'établissent en France, en insistant sur l'importance d'apprendre la langue, de respecter les valeurs républicaines et de s'engager dans la société française. Ces idées peuvent résonner particulièrement avec votre désir de voir une immigration régulée, équilibrée par des mesures d'accompagnement pour ceux qui souhaitent s'intégrer pleinement à la vie française."
Immigration;RN;"Vous percevez l'immigration comme un enjeu essentiel pour la France, soulignant l'importance de la sécurité et de la préservation de l'identité nationale. Ces préoccupations trouvent un écho dans les positions du Rassemblement National (RN), qui plaide pour des mesures sévères afin de contrôler l'immigration. Le RN met en avant la nécessité de renforcer les frontières et de limiter l'immigration légale, afin de protéger les emplois et le mode de vie des Français.

De plus, le RN insiste sur l'importance de prioriser l'intégration des immigrés, avec des exigences qui visent à garantir que ceux qui viennent en France partagent les valeurs républicaines et s'engagent à respecter la culture française. En adoptant cette position, vous pourriez donc partager les idéaux du RN concernant une immigration plus régulée et une approche plus stricte visant à assurer la sécurité et le bien-être des citoyens. Cette ligne directrice se base sur une vision selon laquelle une meilleure gestion de l'immigration contribuera à maintenir l'ordre public et à préserver l'identité culturelle de la nation."
Sécurité;LFI;"En choisissant LFI (La France Insoumise) comme le parti politique aligné avec vos idées sur la sécurité, vous montrez un intérêt pour une approche humaine et sociale des problématiques de sécurité. LFI privilégie les solutions qui allient justice sociale et sécurité, en insistant sur le fait que la sécurité de tous ne peut être atteinte sans lutter contre les inégalités et les discriminations.

Ce parti propose de concentrer ses efforts sur la prévention de la délinquance en améliorant les conditions de vie des populations marginalisées, plutôt que de se focaliser uniquement sur des politiques répressives. LFI met en avant l'importance de l'éducation, de l'insertion, et de l'accès à l'emploi comme moyens de réduire la criminalité à long terme. En ce sens, vous partagez une vision où la sécurité ne se limite pas à la répression des actes criminels, mais inclut également la création d’une société plus équitable et sécurisée pour tous.

De plus, LFI revendique une police de proximité et un renforcement des services publics pour garantir la sécurité des citoyens, en promouvant un dialogue ouvert entre la police et la population. Cela montre un désir de rétablir la confiance dans les institutions publiques, en considérant que la sécurité est un droit fondamental qui doit être accessible à tous, sans distinction.

Ainsi, votre inclination vers LFI dans la catégorie sécurité démontre une volonté d'aborder les enjeux de manière globale, en intégrant des solutions qui respectent la dignité humaine et favorisent la cohésion sociale."
Sécurité;PS;"Vous avez probablement voté pour le Parti Socialiste (PS) dans la catégorie sécurité en raison de son approche équilibrée qui met l'accent à la fois sur la protection des citoyens et sur le respect des droits de l'homme. Le PS prône une politique de sécurité qui ne se limite pas à l'utilisation des forces de l'ordre, mais qui intègre également des mesures préventives et d'accompagnement social.

Le PS souligne l'importance de la prévention, en considérant que pour garantir la sécurité de tous, il est essentiel de s'attaquer aux causes profondes de la criminalité, comme la pauvreté, l'exclusion sociale et le manque d'éducation. Ainsi, des programmes d'éducation, de formation professionnelle et de soutien aux populations vulnérables sont mis en avant.

De plus, le PS défend une sécurité qui protège les libertés individuelles. Ils insistent sur le fait que des mesures de sécurité efficaces doivent s'accompagner d'un respect total des droits civiques, évitant ainsi tout basculement vers une société de surveillance ou de stigmatisation des populations.

En votant pour le PS, vous vous alignez donc avec une vision de la sécurité qui cherche à allier efficacité et humanisme, plaçant l’humain au cœur des politiques publiques."
Sécurité;EELV;"Dans la catégorie sécurité, le parti EELV (Europe Écologie Les Verts) aborde cette question sous un angle particulier qui pourrait résonner avec vos préoccupations. EELV privilégie une approche qui allie sécurité et justice sociale, mettant en avant l'idée que la sécurité ne se limite pas à l'ordre public et à la répression, mais inclut également la prévention et le bien-être des citoyens.

Vous pourriez vous identifier à la vision d'EELV qui promeut des politiques de sécurité intégrant des dimensions telles que la protection de l'environnement et la lutte contre les inégalités. Ce parti propose d'investir dans des solutions durables qui réduisent les tensions sociales, en traitant les racines des problèmes de sécurité, comme la pauvreté, le manque d'éducation et l'exclusion sociale. Par exemple, cela inclut le renforcement des services publics et des infrastructures sociales qui contribuent à un mieux-vivre, et donc à une diminution des conflits.

De plus, EELV souligne l’importance de garantir la sécurité environnementale, considérant que s'attaquer à la crise climatique est également un vecteur de sécurité pour les générations futures. Cela pourrait répondre à votre préoccupation pour un avenir plus sûr et durable, en intégrant la vision d’une société où l’équilibre entre l’humain et l’environnement est au cœur des préoccupations. 

Ainsi, si vous avez voté pour EELV dans la catégorie sécurité, cela pourrait refléter votre désir d'une approche holistique et respectueuse des droits de tous, abordant les enjeux de sécurité sous l’angle du développement durable et de la justice sociale."
Sécurité;LREM;"Vous avez probablement voté pour La République En Marche (LREM) en matière de sécurité, car ce parti met un accent particulier sur l'importance d'une approche moderne et efficace en matière de protection des citoyens. LREM prône une réforme des forces de l'ordre, cherchant à renforcer les moyens matériels et humains de la police et de la gendarmerie tout en promouvant une formation adaptée aux enjeux contemporains, tels que les cybermenaces et la radicalisation.

Le parti valorise également la police de proximité, une approche qui vise à instaurer un lien de confiance entre les forces de l'ordre et la population. Ainsi, en mettant l'accent sur la prévention et la coopération entre citoyens et autorités, LREM cherche à créer un environnement plus sûr et apaisé.

De plus, la lutte contre le terrorisme est une priorité pour LREM, qui soutient des mesures visant à renforcer la sécurité nationale et à protéger les valeurs républicaines. En optant pour LREM dans cette catégorie, vous exprimez probablement un souhait de sécurité renforcée tout en aspirant à des méthodes respectueuses des libertés individuelles et du dialogue avec la société civile."
Sécurité;LR;"Si vous vous êtes identifié au parti Les Républicains (LR) dans la catégorie sécurité, cela montre que vous attachez une grande importance à l'ordre public et à la protection des citoyens. Les Républicains soutiennent des mesures fermes pour garantir la sécurité dans la société, en renforçant les moyens alloués aux forces de l'ordre et en veillant à ce que la justice soit efficace et dissuasive.

LR prône une politique de lutte contre la criminalité, en mettant l'accent sur la nécessité d'une meilleure présence policière, notamment dans les zones sensibles où le sentiment d'insécurité peut être plus marqué. Ce parti défend également des réformes pour faciliter le travail des magistrats et améliorer le système judiciaire afin de renforcer la confiance des citoyens en la justice.

De plus, Les Républicains soulignent l'importance de lutter contre la radicalisation et le terrorisme. Ils envisagent des politiques de prévention et d'intervention pour protéger la population. En soutenant LR, vous vous alignez avec ces valeurs qui visent à assurer un cadre de vie sûr et sécurisé, et à défendre vos libertés dans un environnement de confiance collective."
Sécurité;RN;"Dans la catégorie sécurité, vous pourriez avoir voté pour le Rassemblement National (RN) en raison de son engagement fort envers la protection des citoyens et le maintien de l'ordre public. Le RN met l'accent sur la nécessité de rétablir la sécurité dans les villes et les quartiers, en prônant des mesures strictes pour lutter contre la délinquance et le terrorisme. 

Le parti défend également un renforcement des moyens alloués aux forces de l'ordre, afin qu'elles puissent agir plus efficacement face aux menaces qui pèsent sur la société. Cela inclut l'idée d'une présence policière renforcée dans les lieux publics et un soutien accru aux victimes de crimes. 

Pour beaucoup, ces propositions peuvent résonner avec un besoin de sécurité tangible et immédiate, face à la montée des inquiétudes liées à la violence et à l'insécurité. En soutenant le RN, vous exprimez une priorité claire pour une politique qui place la sécurité des citoyens au cœur de ses préoccupations."
Education;LFI;"Dans le domaine de l'éducation, vous pourriez vous sentir en affinité avec La France Insoumise (LFI) en raison de son engagement en faveur d’une éducation accessible à tous et de qualité. LFI prône des mesures fortes pour garantir que chaque élève, peu importe son origine sociale, bénéficie d'un enseignement adéquat. 

Le parti défend la réduction de la taille des classes, afin de permettre un suivi plus individualisé des élèves, ainsi qu'un investissement accru dans les écoles publiques pour améliorer les infrastructures et les ressources pédagogiques. LFI met également l'accent sur l'importance d'un enseignement laïque, inclusif et équitable, promouvant les valeurs de solidarité et de respect mutuel au sein des établissements.

En choisissant LFI, vous vous alignez sur une vision où l’éducation est perçue comme un droit fondamental, primordial pour l’émancipation personnelle et collective, et où chaque enfant peut s'épanouir sans barrière ni discrimination, reflétant ainsi vos valeurs d’égalité et de justice sociale."
Education;PS;"En ce qui concerne le secteur de l'éducation, le Parti socialiste (PS) accorde une grande importance à l'égalité des chances et à l'accès à une éducation de qualité pour tous les élèves, quel que soit leur milieu social. Si vous vous êtes identifié au PS dans cette catégorie, c'est sans doute parce que vous partagez ces valeurs de justice sociale et d'équité.

Le PS milite pour un système éducatif qui favorise l'inclusion. Cela signifie qu'ils s'engagent à réduire les inégalités en matière d'éducation, en investissant davantage dans les zones défavorisées et en soutenant les écoles qui accueillent des élèves issus de milieux variés. Leur objectif est de garantir que chaque enfant dispose des ressources nécessaires pour réussir, en mettant l'accent sur l'aide aux élèves en difficulté, par exemple grâce à des dispositifs personnalisés.

De plus, le PS plaide pour la revalorisation des métiers de l'éducation, en soutenant des augmentations salariales pour les enseignants afin d'attirer et de garder des professionnels qualifiés dans le système éducatif. Ils croient également en l'importance de l'école publique comme un pilier de la République, promouvant des valeurs républicaines et un enseignement laïque.

En choisissant le PS en matière d'éducation, vous pouvez donc aligner vos préoccupations sur la nécessité de bâtir une société où chaque enfant a la possibilité de s'épanouir et de réaliser son potentiel, indépendamment de ses origines. C'est un engagement vers un avenir éducatif juste et inclusif, qui résonne avec vos propres aspirations en matière de formation et de réussite scolaire."
Education;EELV;"Vous êtes probablement en phase avec le parti Europe Écologie Les Verts (EELV) en ce qui concerne l'éducation, car ce dernier prône une approche éducative centrée sur les valeurs écologiques et solidaires. EELV défend l'idée que l'école doit non seulement transmettre des connaissances académiques, mais aussi former des citoyens responsables face aux défis environnementaux.

L'un des points clés de la politique éducative d'EELV est l'intégration de l'éducation à l'environnement et au développement durable dans le cursus scolaire, permettant aux élèves de comprendre les enjeux écologiques dès le plus jeune âge. Ce parti met également l'accent sur l'importance d’une éducation de qualité pour tous, tout en promouvant des méthodes pédagogiques innovantes qui favorisent la créativité, la coopération et le respect de la diversité.

De plus, EELV plaide pour un accès équitable à l'éducation, afin que chaque élève, quel que soit son milieu socio-économique, puisse bénéficier des mêmes opportunités d'apprentissage. Cela inclut des efforts pour réduire les inégalités scolaires et améliorer les conditions d'apprentissage dans les zones défavorisées.

En choisissant EELV comme parti dominant dans la catégorie éducation, il est probable que vous valorisez une approche pédagogique qui prépare les futures générations à relever les défis sociétaux et environnementaux, tout en mettant un accent sur la justice sociale et l'égalité des chances."
Education;LREM;"Vous avez manifestement une inclination pour les valeurs que défend La République En Marche (LREM) dans le domaine de l'éducation. Ce parti valorise une école inclusive et novatrice, prônant l’idée que chaque enfant, quel que soit son milieu d'origine, mérite les mêmes chances de réussite. 

LREM met l'accent sur l'importance de réformer l'éducation pour l'adapter aux enjeux du XXIe siècle. Cela inclut des investissements dans le numérique pour moderniser l'enseignement et intégrer des outils technologiques qui permettent un apprentissage plus interactif et efficace. Le parti défend également la nécessité d'un accompagnement personnalisé des élèves, en renforçant le soutien aux élèves en difficulté grâce à des dispositifs spécifiques.

Les propositions de LREM visent à faire de l'école un lieu d'épanouissement non seulement académique mais aussi personnel, en favorisant des activités périscolaires et en encourageant la diversité dans les méthodes pédagogiques. En vous alignant avec LREM, vous montrez une volonté de soutenir un système éducatif qui s’adapte aux besoins de chaque élève et qui prépare les jeunes à devenir des citoyens responsables dans une société en constante évolution."
Education;LR;"Vous avez probablement voté pour Les Républicains (LR) dans la catégorie de l'éducation en raison de leur engagement envers l'excellence académique et la rigueur. LR met l'accent sur la valorisation des savoirs, le respect de l'autorité des enseignants, et la responsabilité des établissements scolaires. 

Le parti défend une politique éducative orientée vers une stricte évaluation des élèves et une lutte contre l'échec scolaire. Cela inclut des propositions pour renforcer l'enseignement des fondamentaux, telles que la lecture, l'écriture et le calcul. LR prône également le développement de l'apprentissage et des filières professionnelles pour garantir une meilleure insertion des jeunes dans le monde du travail.

Si vous êtes sensible à l'idée d'un accès équitable à une éducation de qualité qui prépare efficacement les élèves aux défis futurs, les valeurs et les propositions de LR en matière d'éducation pourraient largement résonner avec vos convictions."
Education;RN;"Dans le domaine de l'éducation, le Rassemblement National (RN) défend une vision qui met l'accent sur la préservation des valeurs traditionnelles et l'importance du patriotisme dans l'enseignement. Vous pourriez vous sentir aligné avec ce parti parce qu'il prône un renforcement de l'autorité des enseignants et une volonté de revenir à des programmes scolaires qui mettent en avant l'histoire et la culture françaises.

Le RN insiste sur la nécessité de rétablir les fondamentaux de l'éducation, comme la lecture, l'écriture et le calcul, jugés essentiels pour garantir un niveau scolaire élevé. La défense de l'école de la République est au cœur de sa politique, en affirmant que l’école doit avant tout préparer les jeunes à devenir des citoyens responsables, respectueux de la nation et de ses valeurs.

En outre, le RN propose de lutter contre les dérives des idéologies théoriques dans les programmes scolaires, favorisant plutôt un enseignement qui valorise l'identité française et encourage le respect pour le pays et sa culture. Cette approche pourrait résonner avec vous si vous estimez que l'éducation devrait prioriser la transmission de l’héritage et des valeurs nationales, tout en s'assurant que chaque élève ait les ressources nécessaires pour réussir."
Santé;LFI;"Dans le domaine de la santé, votre choix en faveur de La France Insoumise (LFI) pourrait être motivé par votre conviction que l'accès aux soins de santé doit être un droit fondamental pour tous, indépendamment des ressources économiques. LFI défend une politique de santé qui vise à garantir un accès universel aux soins, en s'opposant à toute forme de discrimination ou d'inégalité dans ce domaine.

Le parti met également l'accent sur la nécessité de renforcer le système de santé publique, en prônant une augmentation significative des budgets alloués à la santé et une amélioration des conditions de travail des professionnels de santé. LFI souhaite des mesures concrètes pour lutter contre la désertification médicale, notamment par le développement des soins de proximité et le soutien aux hôpitaux publics.

De plus, en tant que citoyen soucieux de la prévention et du bien-être collectif, vous pourriez trouver la position de LFI sur l'égalité d'accès aux soins et la lutte contre les inégalités sociales en matière de santé particulièrement résonnante. Le parti milite aussi pour la gratuité des soins, la réduction des frais de santé et une meilleure prise en charge des personnes les plus vulnérables, des valeurs qui correspondent à un engagement pour une société plus juste et solidaire.

Ainsi, en choisissant LFI dans la catégorie santé, vous exprimez un désir de transformation sociale et de justice, aligné avec les idéaux du parti concernant l'accès équitable aux soins pour tous."
Santé;PS;"Vous attachez une grande importance à l'accès équitable aux soins de santé et à la préservation du système de santé publique. Cela s'aligne parfaitement avec les valeurs du Parti Socialiste (PS), qui défend un modèle de santé basé sur la solidarité et l'universalité. Le PS soutient l'idée que chaque citoyen doit avoir accès à des soins de qualité, sans distinction de revenus ou de situation sociale. 

Les mesures phares du PS incluent l'augmentation des budgets alloués à la santé, la lutte contre les inégalités d’accès aux soins, ainsi que des efforts pour renforcer le personnel médical et sanitaire. Ce parti prône également des politiques de prévention, un accès facilité aux soins pour les populations vulnérables et le développement des services publics de santé dans toutes les régions, afin de garantir que chacun puisse bénéficier de l'attention médicale nécessaire, où qu'il se trouve en France.

En votant pour le PS, vous choisissez de soutenir une vision de la santé qui privilégie la collectivité et l'investissement dans un système de santé solide et accessible à tous, reflétant ainsi vos préoccupations pour une société plus juste et égalitaire."
Santé;EELV;"En matière de santé, vous pourriez ressentir une forte affinité avec Europe Écologie Les Verts (EELV) en raison de leur approche axée sur la santé publique et l'environnement. EELV met en avant des principes tels que l'accès équitable à des soins de santé de qualité et le lien étroit entre l'état de santé des populations et la protection de l'environnement.

Les élus d'EELV soutiennent des mesures visant à promouvoir une santé préventive plutôt que curative, considérant que la qualité de l'air, de l'eau et des aliments est primordiale pour la santé des citoyens. De plus, EELV plaide pour une amélioration des conditions de travail des professionnels de santé, une augmentation des budgets alloués à l'hôpital public et des initiatives en faveur de l'agriculture biologique, pour favoriser une alimentation saine.

Ainsi, si vous êtes préoccupé par le bien-être de l’ensemble de la population et que vous pensez que la préservation de l’environnement est essentielle pour garantir le droit à la santé, alors les propositions d'EELV pourraient particulièrement résonner avec vos valeurs. Leur vision de la santé inclut également une dimension sociale forte, cherchant à réduire les inégalités en matière d'accès aux soins, ce qui pourrait correspondre à vos convictions personnelles."
Santé;LREM;"Vous avez choisi LREM dans la catégorie santé, ce qui reflète probablement votre conviction en faveur d'un système de santé moderne et accessible à tous. LREM promeut une approche pragmatique et innovante en matière de santé, en mettant l'accent sur la numérisation des services de santé pour améliorer l'efficacité et l'accès aux soins. Leur programme vise à renforcer les infrastructures de santé tout en soutenant les professionnels de santé.

LREM est également soucieux de la prévention et de l'éducation à la santé, insistant sur l'importance de campagnes de sensibilisation pour limiter les maladies à travers l'éducation et la prévention. Ce parti défend l'idée d'un système de santé public mais qui s'adapte aux besoins évolutifs de la population, en intégrant la médecine de ville et les hôpitaux de manière harmonieuse.

En votant pour LREM, vous montrez probablement que vous vous préoccupez de l'amélioration continue de la qualité des soins et de l'accessibilité, tout en soutenant des solutions novatrices et une gestion efficace du système de santé. Ces valeurs résonnent avec votre aspiration à une santé publique qui soit à la fois de qualité et juste pour chaque citoyen."
Santé;LR;"Vous semblez vous aligner avec le parti Les Républicains (LR) en matière de santé, ce qui peut s'expliquer par plusieurs de leurs positions et propositions. LR met un accent particulier sur la nécessité de renforcer le système de santé français tout en garantissant son efficacité et sa durabilité.

Les Républicains prônent une gestion rigoureuse des finances publiques, ce qui inclut une priorité donnée à l’optimisation des dépenses de santé. Ils soutiennent souvent des réformes destinées à améliorer l'accès aux soins tout en s’assurant que les services de santé restent de haute qualité. Cela peut inclure des propositions pour simplifier les démarches administratives et réduire les délais d'attente dans les hôpitaux.

Un autre point important pour LR est l’encouragement à l'innovation dans le secteur de la santé, notamment à travers le soutien aux industries pharmaceutiques et aux biotechnologies, ce qui pourrait résonner avec votre sens de la modernisation des soins. Dans une optique de renforcement de la prévention, LR plaide également pour une meilleure éducation à la santé auprès des citoyens et une politique active dans la lutte contre les addictions et les maladies chroniques.

Ainsi, votre préférence pour le parti LR en matière de santé peut être le reflet de votre aspiration à un système de santé qui allie performance, responsabilité financière et prise en compte des innovations pour améliorer la vie des Français."
Santé;RN;"Si vous avez tendance à vous aligner avec le Rassemblement National (RN) dans la catégorie santé, cela peut refléter plusieurs préoccupations et priorités qui vous tiennent à cœur. Le RN met l'accent sur une politique de santé qui vise à garantir la sécurité sociale des citoyens français tout en veillant à ce que les soins soient principalement destinés aux ressortissants nationaux. Cela peut vous parler si vous valorisez une approche qui privilégie les Français dans l'accès aux services de santé.

De plus, le RN souligne souvent la nécessité de maintenir une gestion rigoureuse des dépenses publiques, en critiquant certaines dépenses jugées excessives ou non prioritaires. Cela peut correspondre à votre sentiment que la santé devrait être financée par des priorités clairement définies et un contrôle budgétaire strict.

Le parti s'engage aussi à défendre les hôpitaux et les services de santé publics face à ce qu'il perçoit comme une dérive mercantile dans certains aspects de la santé. Vous pourriez être sensible à cet appel pour protéger et renforcer le système de santé publique, en garantissant son efficacité et sa disponibilité pour tous.

En somme, votre choix en faveur du RN dans la catégorie santé pourrait découler d'une volonté de voir une politique qui met l'accent sur la sécurité des soins pour les citoyens français, tout en renforçant le contrôle des dépenses et en défendant le service public."
